<?xml version="1.0" encoding="UTF-8" ?>
<!DOCTYPE mapper
        PUBLIC "-//mybatis.org//DTD Mapper 3.0//EN"
        "http://mybatis.org/dtd/mybatis-3-mapper.dtd">
<mapper namespace="com.ssafy.vue.dao.HRMDAO">

	<!-- 게시글 전체 조회 -->
	<select id="selectBoard" resultType="hrm">
		select no, name, department, position, salary
		  from hrm_board 
		 order by no desc
	</select>

	<!-- 게시글 등록 -->
	<insert id="insertBoard" parameterType="hrm">
		insert into hrm_board(
			name, department, position, salary
		) values (
			#{name}, #{department}, #{position}, #{salary}
		)
	</insert>
	
	<!-- 게시글 상세 조회 -->
	<select id="selectBoardByNo" resultType="hrm">
		select *
		  from hrm_board  
		 where no = #{no}
	</select>

	<!-- 게시글 삭제 -->
	<delete id="deleteBoard" parameterType="int">
		delete 
		  from hrm_board 
		 where no = #{no}
	</delete>
</mapper>

