<?xml version="1.0" encoding="UTF-8"?>
<beans xmlns="http://www.springframework.org/schema/beans"
	xmlns:xsi="http://www.w3.org/2001/XMLSchema-instance"
	xmlns:context="http://www.springframework.org/schema/context"
	xsi:schemaLocation="http://www.springframework.org/schema/beans https://www.springframework.org/schema/beans/spring-beans.xsd
		http://www.springframework.org/schema/context http://www.springframework.org/schema/context/spring-context-4.3.xsd">
	
	<!-- Root Context: defines shared resources visible to all other web components -->
	<!-- 
	     SpringBoard/ root-context.xml
	     ==> 모델관련된 클래스(객체)들에 대한 등록,관리
	             예) DAO, DBCP (관련클래스: DataSource)  ...
	 -->

	<bean class="org.springframework.jdbc.datasource.DriverManagerDataSource"
	      id="dataSource">
	    <property name="driverClassName" 
	              value="com.mysql.cj.jdbc.Driver"></property>
        <property name="url"
                  value="jdbc:mysql://127.0.0.1:3305/ssafyweb?serverTimezone=UTC&amp;useUniCode=yes&amp;characterEncoding=UTF-8"></property>
        <property name="username" value="ssafy"></property>
        <property name="password" value="ssafy"></property>                  	               
	</bean>		
	
	
    <!-- XML내에 작성된 sql문을 호출하는 객체: SqlMapClient(iBatis), SqlSession(MyBatis) -->
    <bean class="org.mybatis.spring.SqlSessionFactoryBean"
          id="sqlSessionFactory">
       <property name="dataSource" ref="dataSource"></property>
       <property name="configLocation"
                 value="classpath:/mybatis-config.xml"></property>
                 
       <!-- sql문 작성된 mapperXML문서 등록 -->                 
       <property name="mapperLocations"
                 value="classpath:mappers/*.xml"></property>                       
    </bean>
          
	<bean class="org.mybatis.spring.SqlSessionTemplate"
	      destroy-method="clearCache">
	      <constructor-arg ref="sqlSessionFactory"></constructor-arg>
	</bean>
	
		<!-- 모든 DAO, DAOImpl클래스는  repository 패키지 밑에 작성하겠음!! --> 
	<!-- <context:component-scan base-package="com.ssafy.day3.repository"/> -->
	
		<!-- 모든 Service, ServiceImpl클래스는  service 패키지 밑에 작성하겠음!! -->
	<!-- <context:component-scan base-package="com.ssafy.day3.service"/> -->
	
	
</beans>


