<?xml version="1.0" encoding="UTF-8"?>
<!-- <Context> -->
<!-- 	<Resource name="jdbc/ssafy" auth="Container" type="javax.sql.DataSource"  -->
<!-- 			maxTotal="100" maxIdle="30" maxWaitMillis="10000"  -->
<!-- 			username="ssafy" password="ssafy" driverClassName="com.mysql.cj.jdbc.Driver" 	 -->
<!-- 			url="jdbc:mysql://localhost:3305/ssafyweb?serverTimezone=UTC&amp;useUniCode=yes&amp;characterEncoding=UTF-8"/>  -->
<!--     <WatchedResource>WEB-INF/web.xml</WatchedResource> -->
<!-- </Context> -->
<Context>
	<Resource name="jdbc/ssafy" auth="Container" type="javax.sql.DataSource" 
			maxTotal="100" maxIdle="30" maxWaitMillis="10000" 
			username="ssafy" password="ssafy" driverClassName="com.mysql.cj.jdbc.Driver" 	
			url="jdbc:mysql://localhost:3305/ssafyweb?serverTimezone=UTC&amp;useUniCode=yes&amp;characterEncoding=UTF-8"/> 
    <WatchedResource>WEB-INF/web.xml</WatchedResource>
</Context>